emp_no,first_name,last_name,title,from_date,to_date
10070,Reuven,Garigliano,Technique Leader,1985-10-14,9999-01-01
10364,Nakhoon,Dengi,Senior Engineer,1985-11-14,9999-01-01
10372,Anneli,Frijda,Technique Leader,1985-07-30,9999-01-01
10426,Arunas,Luce,Technique Leader,1985-07-06,9999-01-01
10879,Muzhong,Chleq,Senior Engineer,1985-08-15,9999-01-01
10986,Masako,Schiper,Technique Leader,1985-10-11,9999-01-01
10988,Chinya,Deyuan,Senior Engineer,1985-06-19,9999-01-01
11204,Diederik,Covnot,Technique Leader,1985-09-18,9999-01-01
11211,Yurij,Rissland,Senior Engineer,1985-09-17,9999-01-01
11324,Kauko,Billingsley,Senior Engineer,1985-08-29,9999-01-01
11949,Martijn,Harbusch,Technique Leader,1985-03-11,9999-01-01
12076,Karlis,Siprelle,Senior Staff,1985-03-25,9999-01-01
12159,Shem,Perly,Senior Engineer,1985-07-17,9999-01-01
12247,Subbu,Penttonen,Technique Leader,1985-04-09,9999-01-01
12311,Susanne,Lubachevsky,Senior Engineer,1985-10-22,9999-01-01
12534,Yongmao,Gerlach,Senior Engineer,1985-08-14,9999-01-01
12722,Elliott,Cheshire,Senior Staff,1985-03-29,9999-01-01
12890,Neven,Casley,Senior Staff,1985-10-31,9999-01-01
13124,Quingbo,Garnick,Senior Staff,1985-03-17,9999-01-01
13146,Haldon,Erie,Senior Staff,1985-05-25,9999-01-01
13272,Arun,Jiang,Senior Staff,1985-03-10,9999-01-01
13648,Zejun,Lamba,Technique Leader,1985-11-16,9999-01-01
13697,Shuichi,Weedon,Technique Leader,1985-06-20,9999-01-01
13846,Guiseppe,Welham,Senior Staff,1985-03-20,9999-01-01
13969,Jianwen,Chandrasekhar,Technique Leader,1985-05-29,9999-01-01
14005,Vojin,Stellhorn,Technique Leader,1985-05-10,9999-01-01
14118,Kasturi,Anido,Senior Staff,1985-04-06,9999-01-01
14513,Samphel,Barreiro,Senior Staff,1985-07-28,9999-01-01
14923,Shuzo,Gyorkos,Technique Leader,1985-05-15,9999-01-01
14928,Satoru,Mukaidono,Senior Staff,1985-05-17,9999-01-01
16266,Mikhail,Sethi,Senior Staff,1985-10-25,9999-01-01
17143,Ziyad,Munke,Senior Engineer,1985-09-10,9999-01-01
17436,Chirstian,Munawer,Senior Staff,1985-08-12,9999-01-01
17705,Toshimo,Mellouli,Technique Leader,1985-08-14,9999-01-01
18297,Guther,Nastansky,Senior Staff,1985-09-07,9999-01-01
18316,Hongzue,Msuda,Senior Engineer,1985-02-19,9999-01-01
18979,Girolamo,Fujisawa,Senior Engineer,1985-12-29,9999-01-01
19353,Mayumi,Schaar,Senior Engineer,1985-10-28,9999-01-01
19356,Masato,Prenel,Senior Staff,1985-12-29,9999-01-01
19454,Taisook,Hutter,Senior Staff,1985-02-26,9999-01-01
19586,Hirochika,Minakawa,Senior Engineer,1985-10-02,9999-01-01
19653,Gay,Crooks,Technique Leader,1985-03-26,9999-01-01
19826,Fox,Christ,Senior Staff,1985-05-08,9999-01-01
19901,Tsvetan,Stasinski,Senior Staff,1985-02-27,9999-01-01
19943,Shimshon,Schoegge,Technique Leader,1985-10-03,9999-01-01
20055,Hairong,Swiss,Senior Staff,1985-04-26,9999-01-01
20368,Denis,Samarati,Senior Staff,1985-03-11,9999-01-01
20626,Hercules,Varman,Senior Engineer,1985-09-22,9999-01-01
20903,Yagil,Kemmerer,Senior Engineer,1985-09-21,9999-01-01
20929,Along,Hebden,Senior Engineer,1985-04-02,9999-01-01
21143,Mayumi,Hennings,Senior Staff,1985-11-25,9999-01-01
21413,Laurentiu,Sherertz,Senior Staff,1985-06-24,9999-01-01
21507,Mansur,Benzmuller,Senior Staff,1985-07-18,9999-01-01
21783,Domenick,Qiwen,Senior Engineer,1985-07-12,9999-01-01
21894,Marke,Yemenis,Senior Staff,1985-06-03,9999-01-01
22190,Berry,Perna,Technique Leader,1985-12-13,9999-01-01
22265,Yonghong,Claffy,Senior Engineer,1985-05-24,9999-01-01
22702,Faiza,Reeken,Senior Engineer,1985-06-21,9999-01-01
22838,Brendon,Markovitch,Senior Engineer,1985-06-06,9999-01-01
22894,Muzhong,Casley,Senior Staff,1985-02-17,9999-01-01
23314,Krassimir,Demizu,Senior Staff,1985-07-24,9999-01-01
23648,Jinxi,Luiz,Senior Staff,1985-07-20,9999-01-01
23924,Shakhar,Solovay,Senior Engineer,1985-07-22,9999-01-01
23938,Nahum,Facello,Senior Engineer,1985-09-15,9999-01-01
24199,Iara,Bach,Senior Engineer,1985-09-20,9999-01-01
24251,Moto,Mondadori,Senior Staff,1985-03-18,9999-01-01
25084,Alenka,Jullig,Senior Engineer,1985-04-15,9999-01-01
25859,Subhrajyoti,Vasanthakumar,Senior Engineer,1985-10-04,9999-01-01
25882,Aleksander,Pellegrinelli,Senior Staff,1985-06-07,9999-01-01
26086,Turgut,Beutelspacher,Senior Staff,1985-11-12,9999-01-01
26144,Kamakshi,Khasidashvili,Senior Engineer,1985-11-03,9999-01-01
26162,Yechiam,Grospietsch,Senior Engineer,1985-07-26,9999-01-01
26192,Geoffry,Tetzlaff,Senior Engineer,1985-05-09,9999-01-01
26869,Jasminko,Vecchio,Senior Engineer,1985-10-29,9999-01-01
26960,Zhenbing,Delgrossi,Senior Engineer,1985-08-19,9999-01-01
27298,Stepehn,Loncour,Senior Engineer,1985-05-31,9999-01-01
27373,Jiafu,Varman,Senior Engineer,1985-10-24,9999-01-01
27463,Masaki,McDermid,Senior Staff,1985-07-06,9999-01-01
27926,Mats,Huttel,Senior Staff,1985-10-23,9999-01-01
28366,Abdelwaheb,Falster,Senior Engineer,1985-08-19,9999-01-01
29202,Rajmohan,Roohalamini,Senior Engineer,1985-12-29,9999-01-01
29486,Jouni,Gerteisen,Senior Engineer,1985-06-03,9999-01-01
29524,Murthy,Engberts,Senior Staff,1985-07-24,9999-01-01
29760,Jinya,Paludetto,Senior Staff,1985-09-11,9999-01-01
30999,Yuuichi,Lorys,Senior Staff,1985-08-10,9999-01-01
31089,Kshitij,Cannane,Senior Staff,1985-06-13,9999-01-01
31501,Martial,Penn,Senior Engineer,1985-04-20,9999-01-01
31571,Jagoda,Reutenauer,Technique Leader,1985-07-25,9999-01-01
31931,Alenka,Leppanen,Senior Staff,1985-09-02,9999-01-01
32167,Christophe,Sury,Senior Staff,1985-11-25,9999-01-01
32458,Conal,Uehara,Senior Staff,1985-12-15,9999-01-01
33631,Tonny,Ozeri,Senior Staff,1985-05-11,9999-01-01
34028,Heejo,Kieras,Senior Engineer,1985-03-03,9999-01-01
34051,Jordanka,Motley,Senior Engineer,1985-05-01,9999-01-01
34166,Naftali,Rahimi,Senior Engineer,1985-02-27,9999-01-01
34203,Pragnesh,Tramer,Senior Staff,1985-09-07,9999-01-01
34599,Insup,Peltason,Senior Engineer,1985-03-10,9999-01-01
34641,Cathie,Jervis,Senior Engineer,1985-10-27,9999-01-01
34673,Unal,Pews,Senior Staff,1985-05-01,9999-01-01
34790,Uma,Krohn,Senior Staff,1985-04-13,9999-01-01
34857,Weicheng,Birrer,Senior Engineer,1985-04-01,9999-01-01
34960,Vasilis,Luga,Senior Staff,1985-07-22,9999-01-01
35365,Divier,Quadeer,Senior Staff,1985-08-01,9999-01-01
36251,Kenroku,Seiwald,Senior Staff,1985-03-13,9999-01-01
37076,Yechezkel,Lichtner,Senior Engineer,1985-07-07,9999-01-01
37151,Leaf,Biros,Senior Engineer,1985-04-11,9999-01-01
37792,Shem,Esteva,Technique Leader,1985-07-01,9999-01-01
37891,Sumali,Munro,Senior Engineer,1985-05-16,9999-01-01
38114,Leen,Lukaszewicz,Senior Engineer,1985-05-08,9999-01-01
38204,Jianwen,Azadmanesh,Senior Staff,1985-10-20,9999-01-01
38309,Shaibal,Papadias,Senior Staff,1985-07-28,9999-01-01
38336,Chaoyi,Basart,Senior Staff,1985-02-03,9999-01-01
38497,Anyuan,Hiltgen,Senior Staff,1985-12-06,9999-01-01
38566,Navin,Begiun,Technique Leader,1985-03-05,9999-01-01
38824,Shounak,Rindone,Senior Engineer,1985-04-02,9999-01-01
38842,Alper,Mukaidono,Senior Engineer,1985-07-19,9999-01-01
39082,Ortrun,Encarnacion,Senior Engineer,1985-02-12,9999-01-01
39156,Gift,Pileggi,Senior Staff,1985-03-09,9999-01-01
39631,Jiafu,Simmel,Senior Staff,1985-12-10,9999-01-01
40147,Padma,Gaughan,Senior Staff,1985-02-17,9999-01-01
40272,Taizo,Gonthier,Technique Leader,1985-07-25,9999-01-01
40555,Yahiko,Manders,Senior Staff,1985-12-10,9999-01-01
40696,Torsten,Siprelle,Senior Engineer,1985-07-12,9999-01-01
40770,Jiang,Nitta,Senior Staff,1985-09-26,9999-01-01
41298,Elvia,Cesareni,Senior Staff,1985-08-29,9999-01-01
41301,Shuichi,Cochrane,Senior Staff,1985-04-14,9999-01-01
41673,Armond,Matzel,Senior Engineer,1985-03-24,9999-01-01
41724,Faiza,Bage,Senior Staff,1985-04-02,9999-01-01
41871,Stevo,Waeselynck,Technique Leader,1985-09-25,9999-01-01
42389,Eric,Hinsberger,Technique Leader,1985-04-06,9999-01-01
42708,Hitomi,Petereit,Senior Staff,1985-03-03,9999-01-01
44354,Basant,Garnier,Senior Engineer,1985-02-27,9999-01-01
45014,Souichi,Orsini,Senior Staff,1985-07-18,9999-01-01
45042,Marek,Heinisuo,Technique Leader,1985-11-20,9999-01-01
45244,Joydip,Lueh,Senior Staff,1985-11-07,9999-01-01
45331,Keung,Peot,Senior Engineer,1985-04-24,9999-01-01
45460,Mang,Rande,Technique Leader,1985-11-18,9999-01-01
45695,Danco,Kowalchuk,Senior Engineer,1985-11-21,9999-01-01
45827,Ortrun,Schonegge,Technique Leader,1985-02-13,9999-01-01
45979,Uno,Colorni,Senior Engineer,1985-12-26,9999-01-01
46037,Mohit,Preusig,Senior Engineer,1985-05-21,9999-01-01
46089,Giordano,Emden,Senior Staff,1985-10-20,9999-01-01
46203,Ferdinand,Dymetman,Senior Engineer,1985-06-04,9999-01-01
47205,Valeri,Whittlesey,Technique Leader,1985-03-12,9999-01-01
47637,Sariel,Schlegelmilch,Senior Staff,1985-08-03,9999-01-01
47925,Angel,Kamble,Senior Staff,1985-03-05,9999-01-01
48221,Willard,Gist,Senior Engineer,1985-10-10,9999-01-01
48403,Hongzue,Krider,Senior Staff,1985-08-01,9999-01-01
48525,Heeju,Eastman,Senior Engineer,1985-11-17,9999-01-01
48577,Peternela,Piazza,Senior Staff,1985-03-27,9999-01-01
49075,Ravishankar,Orlowska,Senior Engineer,1985-04-24,9999-01-01
49353,Kristin,Lorys,Senior Engineer,1985-12-24,9999-01-01
49893,Mahendra,Verhaegen,Senior Engineer,1985-09-26,9999-01-01
50268,Danil,Borovoy,Senior Staff,1985-08-21,9999-01-01
51520,Goh,Bierman,Senior Staff,1985-02-17,9999-01-01
51521,Chinhyun,Gustavson,Senior Staff,1985-07-17,9999-01-01
51622,Deniz,Casperson,Senior Engineer,1985-04-12,9999-01-01
51738,Guenter,Norsworthy,Senior Engineer,1985-09-16,9999-01-01
51949,Pranav,Rosti,Senior Engineer,1985-02-27,9999-01-01
51995,Zhongwei,Roccetti,Senior Staff,1985-03-16,9999-01-01
52167,Bernd,Copas,Technique Leader,1985-03-15,9999-01-01
52315,Hilari,Ozery,Senior Staff,1985-10-05,9999-01-01
52842,Ohad,Murtafg,Senior Staff,1985-04-26,9999-01-01
53130,Anestis,Poupard,Senior Engineer,1985-03-31,9999-01-01
53467,Roddy,Serna,Senior Staff,1985-12-04,9999-01-01
54139,Tomoyuki,Budinsky,Senior Engineer,1985-03-13,9999-01-01
54855,Gian,Gulla,Senior Engineer,1985-08-29,9999-01-01
55505,Kristen,Fabrizio,Technique Leader,1985-04-04,9999-01-01
55665,Mantis,Maginnis,Senior Engineer,1985-09-07,9999-01-01
56325,Subir,Gniady,Senior Engineer,1985-12-02,9999-01-01
56430,Tesuya,Klassen,Senior Staff,1985-11-08,9999-01-01
56608,Denny,Trachtenberg,Senior Staff,1985-07-16,9999-01-01
56873,Jaber,Delgrande,Technique Leader,1985-12-08,9999-01-01
57751,Dulce,Maksimenko,Technique Leader,1985-06-05,9999-01-01
57768,Izaskun,Talmor,Senior Staff,1985-09-14,9999-01-01
57929,Gro,Debuse,Senior Engineer,1985-11-13,9999-01-01
58457,Yuping,Delaune,Technique Leader,1985-04-29,9999-01-01
58825,JoAnna,Swist,Senior Staff,1985-07-01,9999-01-01
59766,Ziyad,Nitsch,Senior Staff,1985-06-03,9999-01-01
60071,Sariel,Matheson,Senior Engineer,1985-09-26,9999-01-01
60193,Sanjai,Gronowski,Technique Leader,1985-07-09,9999-01-01
60705,Ekawit,Lorie,Senior Engineer,1985-11-24,9999-01-01
60831,Rildo,Peltason,Senior Engineer,1985-05-11,9999-01-01
61093,Kokou,Rettelbach,Technique Leader,1985-05-03,9999-01-01
61353,Hausi,Conde,Senior Engineer,1985-10-25,9999-01-01
61364,Gianluca,Casperson,Senior Engineer,1985-04-04,9999-01-01
62069,Sugwoo,Felder,Senior Engineer,1985-05-31,9999-01-01
62137,Rosalyn,Baalen,Senior Staff,1985-06-27,9999-01-01
62906,Alselm,McFarlin,Senior Staff,1985-03-23,9999-01-01
63922,Jixiang,Gischer,Senior Staff,1985-10-08,9999-01-01
64398,Nectarios,Perna,Senior Staff,1985-02-03,9999-01-01
65045,Abdelkader,Koshiba,Senior Engineer,1985-08-08,9999-01-01
65061,Shushma,Flowers,Technique Leader,1985-08-20,9999-01-01
65199,Ipke,Spataro,Senior Staff,1985-03-02,9999-01-01
65368,Dung,Ladret,Senior Engineer,1985-09-13,9999-01-01
65431,Emdad,Streit,Senior Engineer,1985-05-11,9999-01-01
65498,Rildo,Garrabrants,Senior Staff,1985-07-26,9999-01-01
65752,Pasqua,Schreiter,Senior Engineer,1985-02-18,9999-01-01
65803,Lijia,Michaeli,Senior Engineer,1985-03-18,9999-01-01
66460,Xiaoheng,Antonisse,Technique Leader,1985-03-21,9999-01-01
66588,Zine,Itschner,Senior Staff,1985-11-14,9999-01-01
67084,Shigeo,Isaak,Senior Engineer,1985-12-23,9999-01-01
67554,Xiaoheng,Bhattacharjee,Technique Leader,1985-02-23,9999-01-01
67999,Sorina,Herber,Senior Staff,1985-07-28,9999-01-01
68596,Sergi,Penz,Senior Staff,1985-03-23,9999-01-01
68901,Aron,Gilg,Technique Leader,1985-03-06,9999-01-01
69122,Weiwu,Templeman,Senior Staff,1985-05-08,9999-01-01
69177,Shan,Marchegay,Technique Leader,1985-04-15,9999-01-01
69181,Toshiko,Schiper,Senior Staff,1985-06-15,9999-01-01
69226,Reinhold,Wursthorn,Senior Engineer,1985-03-18,9999-01-01
70004,Shih,VanScheik,Senior Staff,1985-04-15,9999-01-01
70146,Tiina,Atrawala,Senior Engineer,1985-07-19,9999-01-01
70478,Basil,Peac,Senior Engineer,1985-06-13,9999-01-01
70763,Jahangir,Lorch,Senior Engineer,1985-07-08,9999-01-01
71118,Chirstian,Tasistro,Senior Staff,1985-08-07,9999-01-01
71398,Sanjeeva,Krohn,Senior Staff,1985-08-30,9999-01-01
71586,Jianwen,Cannard,Senior Staff,1985-10-02,9999-01-01
72145,Zdislav,Neimat,Senior Engineer,1985-07-15,9999-01-01
72357,Kristina,Krogh,Technique Leader,1985-10-19,9999-01-01
72686,Radoslaw,Marakhovsky,Senior Engineer,1985-07-12,9999-01-01
72797,Dmitry,Luders,Senior Staff,1985-06-04,9999-01-01
73111,Ottavia,Massonet,Technique Leader,1985-06-08,9999-01-01
73595,Nobuyoshi,Vandervoorde,Senior Staff,1985-04-04,9999-01-01
73911,Ziya,Syrotiuk,Senior Staff,1985-03-11,9999-01-01
74156,Bodo,Lovengreen,Senior Staff,1985-09-10,9999-01-01
74639,Heeju,Cooley,Technique Leader,1985-02-20,9999-01-01
75712,Aleksander,Sooriamurthi,Senior Engineer,1985-12-09,9999-01-01
75938,Naraig,McFarlan,Technique Leader,1985-11-28,9999-01-01
77390,Gully,Larfeldt,Senior Staff,1985-09-02,9999-01-01
77562,Gianluca,Openshaw,Senior Engineer,1985-12-14,9999-01-01
77644,Ziva,Swen,Senior Engineer,1985-07-25,9999-01-01
77923,Kasidit,Schrooten,Senior Staff,1985-10-16,9999-01-01
78039,Genki,Heemskerk,Senior Staff,1985-03-13,9999-01-01
78212,Zito,Ligten,Senior Engineer,1985-05-24,9999-01-01
78454,Masaki,Marciano,Senior Staff,1985-07-03,9999-01-01
78571,Sandeepan,Munch,Senior Engineer,1985-06-07,9999-01-01
79117,Selwyn,Coors,Senior Engineer,1985-06-14,9999-01-01
79183,Mingsen,Lamba,Senior Staff,1985-02-27,9999-01-01
79348,Mari,Gire,Technique Leader,1985-04-07,9999-01-01
79434,Claudi,Byoun,Senior Engineer,1985-08-15,9999-01-01
79473,Denny,Ellozy,Technique Leader,1985-10-24,9999-01-01
79488,Yolla,Shumilov,Senior Engineer,1985-10-28,9999-01-01
79644,Radoslaw,Lindenbaum,Technique Leader,1985-11-03,9999-01-01
79761,Prasadram,Encarnacion,Senior Engineer,1985-12-25,9999-01-01
79910,Gad,Honglei,Senior Staff,1985-03-12,9999-01-01
80130,Jinya,Waschkowski,Senior Staff,1985-08-19,9999-01-01
80171,Kshitij,Zykh,Technique Leader,1985-10-08,9999-01-01
80198,Yefim,Anger,Senior Staff,1985-04-02,9999-01-01
80489,Mani,Billawala,Senior Engineer,1985-09-09,9999-01-01
80637,Eishiro,Larfeldt,Senior Staff,1985-08-01,9999-01-01
80833,Jaihie,Demri,Senior Engineer,1985-07-13,9999-01-01
80896,Paloma,Hardjono,Senior Staff,1985-05-16,9999-01-01
80937,Chikako,Jiang,Senior Staff,1985-08-09,9999-01-01
81592,Monique,Rehfuss,Senior Staff,1985-09-30,9999-01-01
81810,Baruch,Schaap,Technique Leader,1985-04-12,9999-01-01
81847,Ymte,Figueira,Senior Engineer,1985-08-04,9999-01-01
82808,Sumant,Reinhart,Senior Engineer,1985-09-11,9999-01-01
83334,Arno,Thebaut,Senior Staff,1985-05-31,9999-01-01
83493,Oksana,Danlos,Senior Engineer,1985-05-30,9999-01-01
83698,Adib,Krohn,Senior Staff,1985-11-17,9999-01-01
83730,Dharmaraja,Lorie,Senior Staff,1985-12-20,9999-01-01
83898,Erzsebet,England,Technique Leader,1985-09-04,9999-01-01
84048,Lillian,Portugali,Technique Leader,1985-06-21,9999-01-01
84427,IEEE,Valiente,Senior Engineer,1985-04-08,9999-01-01
84797,Tadanori,Baig,Technique Leader,1985-08-27,9999-01-01
85470,Domenick,Mahmud,Technique Leader,1985-02-10,9999-01-01
85552,Atilio,Perko,Senior Engineer,1985-09-06,9999-01-01
85589,Amstein,Bressoud,Senior Engineer,1985-12-13,9999-01-01
85739,Fumino,Benzaken,Senior Engineer,1985-09-15,9999-01-01
86014,Maris,Zeilberger,Technique Leader,1985-04-16,9999-01-01
86155,Tadahiko,Luke,Technique Leader,1985-02-08,9999-01-01
86357,Rosalyn,Sessa,Technique Leader,1985-07-04,9999-01-01
86906,Adel,Fiutem,Senior Engineer,1985-06-07,9999-01-01
86951,Martijn,Coors,Senior Engineer,1985-07-21,9999-01-01
86970,Hugo,Zizka,Senior Engineer,1985-08-12,9999-01-01
87070,Tsz,Farrow,Senior Engineer,1985-08-31,9999-01-01
87671,Oldrich,Kandlur,Senior Staff,1985-02-11,9999-01-01
88495,Wilmer,Molenaar,Senior Staff,1985-02-24,9999-01-01
89030,Xinglin,Prochazka,Senior Engineer,1985-04-29,9999-01-01
89148,Mads,Heering,Senior Engineer,1985-08-31,9999-01-01
89315,Susumu,Montemayor,Senior Staff,1985-07-02,9999-01-01
89391,Aram,Steenbeek,Senior Staff,1985-12-10,9999-01-01
89476,Xiaoqiang,Perna,Senior Engineer,1985-05-27,9999-01-01
89531,Sachem,Boguraev,Technique Leader,1985-03-30,9999-01-01
89885,Supot,Zumaque,Senior Engineer,1985-02-22,9999-01-01
90411,Shahid,Gimbel,Senior Staff,1985-11-08,9999-01-01
90661,Christ,Marquardt,Senior Engineer,1985-05-27,9999-01-01
90680,Frederique,Nyrup,Senior Engineer,1985-10-12,9999-01-01
90714,Boriana,Manderick,Senior Staff,1985-10-31,9999-01-01
90913,Xiahua,Levergood,Senior Engineer,1985-12-02,9999-01-01
91217,Xuedong,Nilsson,Senior Staff,1985-04-09,9999-01-01
91413,Ekawit,Asser,Senior Engineer,1985-02-27,9999-01-01
93107,Martien,Buchter,Senior Engineer,1985-10-31,9999-01-01
93405,Tamiya,Marrevee,Technique Leader,1985-12-14,9999-01-01
93670,Djelloul,Pulkowski,Technique Leader,1985-08-27,9999-01-01
94287,Kiyokazu,Buchter,Senior Staff,1985-06-20,9999-01-01
94313,Menkae,Birdsall,Senior Engineer,1985-03-14,9999-01-01
94419,Felicidad,Socorro,Senior Staff,1985-10-22,9999-01-01
95257,Shih,Ratzlaff,Technique Leader,1985-04-06,9999-01-01
95625,Bogdan,Negoita,Senior Engineer,1985-05-04,9999-01-01
96376,Sachio,Stassinopoulos,Technique Leader,1985-09-20,9999-01-01
96524,George,Brodie,Technique Leader,1985-12-10,9999-01-01
96958,Shaowen,Shihab,Senior Staff,1985-05-20,9999-01-01
97525,Shih,Krider,Technique Leader,1985-03-03,9999-01-01
97948,Henk,Geffroy,Senior Staff,1985-09-03,9999-01-01
97985,Dekang,Botman,Senior Engineer,1985-05-01,9999-01-01
98054,Berry,Conry,Senior Engineer,1985-09-18,9999-01-01
98233,Hausi,Trogemann,Senior Staff,1985-02-19,9999-01-01
98444,Arra,Lubachevsky,Senior Staff,1985-11-06,9999-01-01
98457,Bezalel,Standera,Senior Staff,1985-08-28,9999-01-01
98478,Baruch,Heystek,Senior Engineer,1985-03-22,9999-01-01
98745,Zhanqiu,Kitsuregawa,Senior Engineer,1985-10-24,9999-01-01
98905,Nikolaos,Negoita,Senior Engineer,1985-09-13,9999-01-01
99274,Taizo,Schurmann,Senior Engineer,1985-06-14,9999-01-01
99671,Tsuneo,Leppanen,Senior Staff,1985-06-10,9999-01-01
99681,Henk,Tramer,Senior Staff,1985-07-17,9999-01-01
99837,Dipayan,Anick,Senior Engineer,1985-11-28,9999-01-01
100206,Arumugam,Wrigley,Senior Engineer,1985-03-29,9999-01-01
100322,Janalee,Bahr,Senior Staff,1985-03-21,9999-01-01
100444,Arno,Itzigehl,Senior Staff,1985-05-15,9999-01-01
101033,Zhiwei,Clemencon,Senior Staff,1985-02-13,9999-01-01
101078,Fusako,Zedlitz,Senior Engineer,1985-02-05,9999-01-01
101123,Henk,Wossner,Senior Staff,1985-05-26,9999-01-01
101180,Subhada,Przulj,Senior Staff,1985-02-22,9999-01-01
101239,Toshimori,Khalil,Senior Staff,1985-08-18,9999-01-01
101501,Rosalie,Vecchi,Technique Leader,1985-12-26,9999-01-01
101537,Luigi,Cyre,Senior Engineer,1985-09-28,9999-01-01
101558,Wojceich,Tischendorf,Senior Engineer,1985-02-24,9999-01-01
101774,Heekeun,Baba,Senior Engineer,1985-05-26,9999-01-01
102217,Christ,Luks,Senior Engineer,1985-08-15,9999-01-01
102757,Arno,Pardalos,Senior Engineer,1985-04-25,9999-01-01
102851,Xudong,Bruckman,Technique Leader,1985-06-12,9999-01-01
102870,Marsal,Alpay,Senior Staff,1985-04-23,9999-01-01
102962,Chirstian,Kobara,Senior Staff,1985-09-24,9999-01-01
103490,Claudi,Kropatsch,Senior Engineer,1985-02-02,9999-01-01
104054,Uinam,Rothe,Senior Engineer,1985-05-01,9999-01-01
104060,Moriyoshi,Baca,Technique Leader,1985-07-29,9999-01-01
104210,Ziyad,Schaaf,Technique Leader,1985-10-17,9999-01-01
104411,Zengping,Desikan,Senior Staff,1985-02-25,9999-01-01
104536,Shooichi,Ernst,Senior Staff,1985-05-10,9999-01-01
105093,Lalit,Fontet,Senior Staff,1985-03-22,9999-01-01
105152,Mikhail,Cesareni,Senior Staff,1985-09-27,9999-01-01
105421,Sadun,Schrooten,Senior Staff,1985-02-15,9999-01-01
105441,Abdelghani,Haldar,Senior Staff,1985-04-03,9999-01-01
105485,Magy,Danner,Technique Leader,1985-03-21,9999-01-01
106007,Trygve,Ligten,Technique Leader,1985-03-13,9999-01-01
106547,Quingbo,dAstous,Senior Engineer,1985-05-26,9999-01-01
107540,Jaques,Soloway,Senior Staff,1985-03-19,9999-01-01
107669,Shirish,Kermarrec,Senior Engineer,1985-11-22,9999-01-01
107816,Xinyu,Validov,Senior Engineer,1985-02-16,9999-01-01
107823,Nimmagadda,Bail,Senior Engineer,1985-08-06,9999-01-01
108122,Moti,Terkki,Senior Staff,1985-05-15,9999-01-01
108524,Radhia,Chinal,Senior Engineer,1985-03-06,9999-01-01
108700,Sarita,Stanfel,Senior Staff,1985-10-12,9999-01-01
108761,Nahid,Mandell,Technique Leader,1985-03-15,9999-01-01
108954,Kellie,Vieri,Senior Engineer,1985-07-02,9999-01-01
108994,Shahar,Bashian,Technique Leader,1985-05-08,9999-01-01
200030,LiMin,Schonegge,Senior Engineer,1985-02-05,9999-01-01
200047,Charlene,Miculan,Senior Staff,1985-05-23,9999-01-01
200171,Hilari,Gyorkos,Senior Staff,1985-08-29,9999-01-01
200687,Berto,Stassinopoulos,Senior Engineer,1985-05-28,9999-01-01
201173,Martien,Vecchi,Senior Engineer,1985-12-21,9999-01-01
201246,Yucel,Marchesini,Senior Engineer,1985-02-21,9999-01-01
201276,Jiang,Nittel,Senior Staff,1985-07-03,9999-01-01
201333,Mircea,Perl,Senior Engineer,1985-02-08,9999-01-01
201342,Ramachenga,Maierhofer,Senior Engineer,1985-12-17,9999-01-01
201603,Vincent,Lores,Senior Engineer,1985-07-15,9999-01-01
201714,Lokesh,Hinsberger,Senior Engineer,1985-04-22,9999-01-01
201953,Hercules,Waeselynck,Senior Engineer,1985-08-03,9999-01-01
201997,Aran,Baez,Senior Staff,1985-04-07,9999-01-01
202301,Charmane,Auyong,Senior Engineer,1985-08-13,9999-01-01
202669,Percy,Chiodo,Technique Leader,1985-02-07,9999-01-01
203065,Weiwu,Matteis,Technique Leader,1985-06-30,9999-01-01
203189,Peternela,Rusterholz,Senior Staff,1985-02-19,9999-01-01
203593,Leszek,Kirkerud,Senior Staff,1985-05-30,9999-01-01
203759,Heon,Reutenauer,Senior Staff,1985-03-14,9999-01-01
204067,Brigham,Pews,Senior Staff,1985-08-02,9999-01-01
204237,Gay,Kumaresan,Senior Staff,1985-02-02,9999-01-01
204292,Khaled,Argence,Senior Staff,1985-04-10,9999-01-01
204399,Uta,Peak,Senior Engineer,1985-10-11,9999-01-01
204710,Gino,Cichocki,Senior Engineer,1985-04-10,9999-01-01
204842,Ramachenga,Zumaque,Senior Engineer,1985-07-09,9999-01-01
205119,Chrisa,Kilgore,Senior Engineer,1985-02-10,9999-01-01
205225,Duro,Ouhyoung,Senior Engineer,1985-07-18,9999-01-01
205272,Zhenbing,Kuhnemann,Senior Engineer,1985-04-04,9999-01-01
205469,Zsolt,Perko,Senior Staff,1985-11-14,9999-01-01
207792,Shir,Himler,Senior Engineer,1985-04-10,9999-01-01
207914,Dung,Broder,Technique Leader,1985-05-17,9999-01-01
208583,Utpal,Lorho,Senior Engineer,1985-08-25,9999-01-01
208659,Kristinn,Ventosa,Senior Engineer,1985-07-21,9999-01-01
208710,Faiza,Schmezko,Senior Engineer,1985-03-30,9999-01-01
208842,Kien,Jansch,Senior Staff,1985-04-09,9999-01-01
208865,Nirmal,Taubenfeld,Senior Engineer,1985-03-01,9999-01-01
209110,Filipe,Mullainathan,Senior Engineer,1985-10-11,9999-01-01
209410,Subhash,Cronau,Senior Engineer,1985-10-13,9999-01-01
210096,Herbert,Karner,Technique Leader,1985-12-07,9999-01-01
210097,Hercules,Bernatsky,Senior Engineer,1985-11-27,9999-01-01
210233,Qunsheng,Gornas,Senior Staff,1985-06-13,9999-01-01
210935,JoAnna,Prochazka,Senior Engineer,1985-10-13,9999-01-01
211293,Malu,Champarnaud,Senior Engineer,1985-05-20,9999-01-01
211301,Khalid,Aingworth,Senior Engineer,1985-10-13,9999-01-01
211427,Yechiam,Bala,Senior Staff,1985-02-27,9999-01-01
211492,Arch,Openshaw,Senior Staff,1985-08-12,9999-01-01
211559,Macha,Flowers,Technique Leader,1985-12-04,9999-01-01
212171,Valdiodio,Greibach,Senior Engineer,1985-02-28,9999-01-01
212291,Persi,Honiden,Senior Engineer,1985-06-01,9999-01-01
212758,Phule,Stasinski,Senior Engineer,1985-04-22,9999-01-01
213293,Rafols,Streng,Technique Leader,1985-05-17,9999-01-01
214311,Bodh,Potthoff,Senior Staff,1985-10-04,9999-01-01
214508,Arvin,Limongiello,Senior Engineer,1985-08-05,9999-01-01
214560,Pradeep,Erez,Senior Staff,1985-05-24,9999-01-01
215685,Filipe,Nooteboom,Senior Engineer,1985-06-22,9999-01-01
215697,Tooru,Bardell,Technique Leader,1985-07-22,9999-01-01
215941,Atilio,Herber,Technique Leader,1985-07-03,9999-01-01
216116,Yuuichi,Petersohn,Senior Staff,1985-09-06,9999-01-01
216270,Jeong,Kohling,Technique Leader,1985-05-26,9999-01-01
216443,Troy,Pero,Senior Engineer,1985-11-10,9999-01-01
216927,Susumu,Welham,Senior Staff,1985-12-12,9999-01-01
217624,Guadalupe,Rajaraman,Senior Staff,1985-03-13,9999-01-01
217845,Deborah,Matheson,Technique Leader,1985-04-24,9999-01-01
218562,Arvin,Furudate,Senior Engineer,1985-10-29,9999-01-01
218608,Udi,McClurg,Senior Engineer,1985-06-09,9999-01-01
218717,Ayonca,Werthner,Senior Staff,1985-12-16,9999-01-01
218731,Youjian,Diderrich,Senior Staff,1985-04-23,9999-01-01
218879,Somnath,Irland,Senior Staff,1985-03-01,9999-01-01
220203,Shigenori,Schueller,Senior Staff,1985-11-24,9999-01-01
220331,Danai,Middleton,Senior Staff,1985-07-30,9999-01-01
220512,Gretta,Basagni,Senior Engineer,1985-07-16,9999-01-01
220622,Tsuneo,Bernardinello,Technique Leader,1985-08-30,9999-01-01
220671,Ult,Birta,Senior Engineer,1985-02-16,9999-01-01
220785,Sugwoo,Redmiles,Senior Engineer,1985-10-28,9999-01-01
220795,Cedric,Holburn,Senior Staff,1985-12-23,9999-01-01
220897,Kwangjo,Serot,Technique Leader,1985-06-20,9999-01-01
221528,Jixiang,Molenkamp,Senior Engineer,1985-06-29,9999-01-01
221881,Subhash,Cyne,Senior Staff,1985-04-22,9999-01-01
222552,Shaowei,Deyuan,Senior Engineer,1985-02-24,9999-01-01
222660,Moriyoshi,Swiss,Senior Staff,1985-03-26,9999-01-01
222979,Subhankar,Markovitch,Technique Leader,1985-08-02,9999-01-01
223032,Alselm,Rodite,Senior Engineer,1985-03-30,9999-01-01
224597,Dipayan,Genther,Senior Staff,1985-09-07,9999-01-01
224791,Jenwei,Besancenot,Senior Engineer,1985-05-17,9999-01-01
224828,Zhigen,Versino,Senior Engineer,1985-10-11,9999-01-01
224899,Taisook,Taubman,Technique Leader,1985-05-10,9999-01-01
225254,Sanjoy,Tzvieli,Senior Staff,1985-02-09,9999-01-01
225323,Morrie,Sidhu,Senior Staff,1985-02-24,9999-01-01
225899,Pradeep,Penttonen,Technique Leader,1985-06-22,9999-01-01
226302,Danae,Braunmuhl,Senior Engineer,1985-07-19,9999-01-01
226899,Shigehito,Syrotiuk,Senior Engineer,1985-12-14,9999-01-01
227069,Shigeichiro,Marshall,Senior Engineer,1985-02-26,9999-01-01
227276,Nobuyoshi,Zultner,Senior Staff,1985-06-14,9999-01-01
227478,Collette,Crouzet,Senior Staff,1985-07-30,9999-01-01
227518,Masoud,Dichev,Technique Leader,1985-09-22,9999-01-01
227553,Trygve,Schwartzbauer,Senior Staff,1985-08-28,9999-01-01
227726,Alejandro,Trystram,Senior Staff,1985-09-30,9999-01-01
228018,Minghong,Beerel,Senior Staff,1985-02-26,9999-01-01
228358,Goetz,Molenaar,Senior Engineer,1985-06-03,9999-01-01
229418,Uri,Sanella,Senior Engineer,1985-05-02,9999-01-01
230859,Jaques,Cichocki,Senior Engineer,1985-10-07,9999-01-01
230984,Odinaldo,Itzigehl,Senior Engineer,1985-10-31,9999-01-01
231023,Toshimo,Madeira,Senior Engineer,1985-07-07,9999-01-01
231116,Kristof,Danecki,Senior Engineer,1985-11-10,9999-01-01
231132,Arunas,Hofstetter,Senior Staff,1985-11-16,9999-01-01
231276,Jayesh,Butner,Senior Staff,1985-05-21,9999-01-01
231486,Yefim,Cmelik,Senior Engineer,1985-12-26,9999-01-01
231553,Oksana,Simkin,Senior Engineer,1985-11-20,9999-01-01
231635,Billie,Kalafatis,Technique Leader,1985-03-21,9999-01-01
232203,Shaowei,Pollock,Technique Leader,1985-04-28,9999-01-01
232508,Kankanahalli,Brickell,Senior Staff,1985-03-19,9999-01-01
232632,Brewster,Radhakrishnan,Senior Engineer,1985-08-29,9999-01-01
233257,Mikhail,Waeselynck,Senior Staff,1985-03-29,9999-01-01
233443,Satosi,Barvinok,Senior Staff,1985-07-31,9999-01-01
234253,Subhash,Staylopatis,Senior Staff,1985-04-28,9999-01-01
234438,Sreekrishna,Schnelling,Senior Staff,1985-06-19,9999-01-01
234601,Alexius,Lanzelotte,Technique Leader,1985-09-06,9999-01-01
234756,Harjit,Hiltgen,Senior Engineer,1985-10-05,9999-01-01
234853,Insup,Szemeredi,Senior Engineer,1985-03-12,9999-01-01
235645,Mona,Carrere,Senior Staff,1985-11-26,9999-01-01
236558,Rosalie,Asmuth,Senior Staff,1985-09-11,9999-01-01
236995,Mari,Brender,Senior Staff,1985-12-19,9999-01-01
237221,Magy,Krohm,Technique Leader,1985-08-09,9999-01-01
237449,Zita,Edelhoff,Technique Leader,1985-10-06,9999-01-01
237787,Bernardo,Isaac,Senior Staff,1985-10-10,9999-01-01
238537,Tomofumi,Bellone,Senior Engineer,1985-02-19,9999-01-01
239134,Moss,Magalhaes,Senior Staff,1985-04-22,9999-01-01
239341,Shigehiro,Gecsei,Senior Staff,1985-07-07,9999-01-01
240143,Tremaine,Demri,Senior Staff,1985-05-07,9999-01-01
240160,Abdelghani,Clouatre,Senior Engineer,1985-03-15,9999-01-01
240260,Fumiya,Herber,Senior Staff,1985-03-23,9999-01-01
240609,Taegyun,Serre,Senior Engineer,1985-09-22,9999-01-01
240669,Jeanna,Azulay,Senior Engineer,1985-09-10,9999-01-01
240696,Boutros,Velardi,Senior Staff,1985-02-05,9999-01-01
240793,Boutros,Hennings,Senior Engineer,1985-11-01,9999-01-01
240798,Arvin,Munawer,Senior Staff,1985-08-02,9999-01-01
241011,Fumiko,Scallan,Senior Engineer,1985-12-04,9999-01-01
241303,Jamaludin,Bratsberg,Senior Staff,1985-11-18,9999-01-01
241666,Mechthild,Tibblin,Senior Engineer,1985-04-25,9999-01-01
242214,Cullen,Krupka,Senior Engineer,1985-02-24,9999-01-01
242334,Renny,Kadhim,Senior Staff,1985-09-20,9999-01-01
242398,Djelloul,Levergood,Senior Engineer,1985-06-04,9999-01-01
242404,Kwee,Zumaque,Senior Engineer,1985-03-09,9999-01-01
242940,Hinrich,Vieth,Senior Engineer,1985-06-19,9999-01-01
243086,Rosalie,Kumaresan,Senior Staff,1985-08-24,9999-01-01
243154,Maia,Marrakchi,Technique Leader,1985-08-10,9999-01-01
243337,Aloys,Speek,Senior Engineer,1985-06-03,9999-01-01
243810,Kwan,Merel,Technique Leader,1985-08-25,9999-01-01
243820,Chiranjit,Akaboshi,Senior Engineer,1985-04-17,9999-01-01
243838,Hailing,Selenyi,Senior Engineer,1985-07-17,9999-01-01
243861,Dipayan,Cannane,Senior Engineer,1985-12-10,9999-01-01
244252,Jeane,Sankaranarayanan,Senior Staff,1985-07-06,9999-01-01
244591,Akemi,Sambasivam,Senior Staff,1985-06-19,9999-01-01
244638,Takahira,Ghazalie,Senior Engineer,1985-05-30,9999-01-01
244946,Abdelghani,Lubachevsky,Senior Engineer,1985-10-04,9999-01-01
245114,Matt,Demeyer,Senior Engineer,1985-05-23,9999-01-01
245338,Faiza,Piazza,Technique Leader,1985-09-18,9999-01-01
245444,Moie,Mattern,Senior Staff,1985-08-28,9999-01-01
245517,Keiichiro,Koshiba,Senior Engineer,1985-10-03,9999-01-01
245535,Xinan,Reeken,Technique Leader,1985-09-17,9999-01-01
245622,Sergi,Pellegrinelli,Senior Engineer,1985-05-23,9999-01-01
245688,Mrinalini,Ambroszkiewicz,Technique Leader,1985-12-10,9999-01-01
246467,Adel,Nations,Senior Engineer,1985-09-20,9999-01-01
246490,Ohad,Farris,Senior Engineer,1985-06-16,9999-01-01
246915,Masamitsu,Pollock,Senior Engineer,1985-07-23,9999-01-01
247807,Aemilian,Azumi,Technique Leader,1985-12-28,9999-01-01
247900,Tuval,Denis,Senior Engineer,1985-12-14,9999-01-01
248134,Fayez,Bernardeschi,Technique Leader,1985-07-07,9999-01-01
248224,Baruch,Ranta,Senior Staff,1985-12-16,9999-01-01
248389,Yunming,Weedon,Senior Staff,1985-09-11,9999-01-01
249166,Yuguang,Cooley,Senior Staff,1985-11-13,9999-01-01
249339,Seongbin,Coors,Senior Engineer,1985-03-18,9999-01-01
249535,Gopalakrishnan,Camurati,Senior Engineer,1985-12-07,9999-01-01
249568,Khosrow,Crelier,Senior Engineer,1985-12-17,9999-01-01
249809,Xuejun,Peot,Senior Staff,1985-09-18,9999-01-01
251103,Leif,Hofmeyr,Technique Leader,1985-07-21,9999-01-01
251618,Piyawadee,Chachaty,Technique Leader,1985-04-28,9999-01-01
251839,Nahum,Munoz,Technique Leader,1985-04-17,9999-01-01
252482,Zito,Billingsley,Technique Leader,1985-09-10,9999-01-01
252545,Itzchak,Zolotykh,Technique Leader,1985-05-14,9999-01-01
252865,Sham,Zlotek,Senior Staff,1985-11-07,9999-01-01
253260,Isaac,Capobianchi,Senior Staff,1985-02-24,9999-01-01
253823,Gaurav,Casley,Senior Engineer,1985-10-24,9999-01-01
253832,Jixiang,Foong,Technique Leader,1985-04-24,9999-01-01
254075,Kazuyasu,Soicher,Senior Staff,1985-06-17,9999-01-01
254418,Huican,Luan,Senior Staff,1985-10-14,9999-01-01
255177,Valeri,Baca,Senior Engineer,1985-10-13,9999-01-01
256403,Tua,Mattern,Senior Engineer,1985-09-06,9999-01-01
256407,Boaz,Mawatari,Senior Staff,1985-06-17,9999-01-01
256408,Ortrud,Pollacia,Technique Leader,1985-07-22,9999-01-01
256440,Jenwei,Merey,Senior Engineer,1985-08-10,9999-01-01
256648,Muzhong,Binkley,Senior Staff,1985-03-29,9999-01-01
256828,Wilmer,Ramaiah,Senior Staff,1985-09-01,9999-01-01
257301,Zhenhua,Kampfer,Senior Staff,1985-05-04,9999-01-01
257357,Lidong,Gomatam,Senior Engineer,1985-05-07,9999-01-01
257578,Ramachenga,Mersereau,Senior Engineer,1985-11-22,9999-01-01
257817,Sanjay,Kaminger,Senior Engineer,1985-10-05,9999-01-01
257828,Kristin,Iisaka,Senior Staff,1985-03-23,9999-01-01
258009,Renee,Flanders,Senior Engineer,1985-05-17,9999-01-01
258196,Adit,Lorys,Senior Staff,1985-08-10,9999-01-01
258969,Jungsoon,Brandsma,Senior Engineer,1985-04-09,9999-01-01
259391,Gadiel,Fiebach,Senior Engineer,1985-10-13,9999-01-01
259771,Youssef,Chaudhuri,Technique Leader,1985-06-19,9999-01-01
260169,Lokesh,Codenie,Technique Leader,1985-11-19,9999-01-01
260502,Danco,Jeong,Senior Staff,1985-05-20,9999-01-01
261149,Wayne,Riesenhuber,Senior Staff,1985-09-16,9999-01-01
261599,Jouko,Genin,Senior Engineer,1985-10-08,9999-01-01
261633,Zhiguo,Hertweck,Senior Engineer,1985-09-21,9999-01-01
261750,Anyuan,Codenie,Senior Engineer,1985-09-13,9999-01-01
261803,Hugh,Kowalchuk,Senior Engineer,1985-05-10,9999-01-01
261811,Kensei,Middleton,Senior Staff,1985-06-26,9999-01-01
261883,Froduald,Versino,Senior Engineer,1985-03-17,9999-01-01
262051,Martien,Cummings,Senior Engineer,1985-05-28,9999-01-01
262506,Masamitsu,Fordan,Senior Staff,1985-10-24,9999-01-01
263001,Gennady,Versino,Senior Engineer,1985-09-11,9999-01-01
263209,Howell,Schieder,Senior Engineer,1985-02-08,9999-01-01
263462,Theron,Jarecki,Senior Staff,1985-05-02,9999-01-01
263655,Florina,Stifter,Senior Staff,1985-03-29,9999-01-01
263777,Janche,Oppitz,Senior Staff,1985-11-09,9999-01-01
264361,Ferdinand,Kambil,Senior Engineer,1985-06-20,9999-01-01
264935,Kristinn,Rissland,Senior Staff,1985-04-04,9999-01-01
265469,Taisook,Brandsma,Senior Staff,1985-06-10,9999-01-01
266054,Younwoo,Ratnakar,Senior Engineer,1985-07-16,9999-01-01
266170,Sungwon,Stellhorn,Senior Staff,1985-07-14,9999-01-01
266715,Basil,Birnbaum,Senior Engineer,1985-11-14,9999-01-01
266821,Akeno,Cooke,Senior Staff,1985-04-06,9999-01-01
267282,Guttorm,Szmurlo,Technique Leader,1985-05-10,9999-01-01
267386,DAIDA,Sichman,Senior Engineer,1985-09-01,9999-01-01
267411,Gio,Aloia,Technique Leader,1985-04-04,9999-01-01
268665,Hyuckchul,Panwar,Senior Engineer,1985-08-22,9999-01-01
269627,Howell,Rullman,Technique Leader,1985-03-30,9999-01-01
270008,Tetsushi,England,Senior Engineer,1985-09-26,9999-01-01
270303,Shaibal,Biros,Senior Engineer,1985-05-26,9999-01-01
270702,Hailing,Birrer,Senior Staff,1985-11-07,9999-01-01
271232,Ingmar,Demian,Senior Engineer,1985-06-05,9999-01-01
271234,Naftali,Gluchowski,Senior Staff,1985-12-21,9999-01-01
271605,Demin,Yemenis,Technique Leader,1985-04-09,9999-01-01
272096,Geoffrey,Veevers,Senior Staff,1985-05-04,9999-01-01
272520,Shigehito,Gomatam,Technique Leader,1985-03-27,9999-01-01
272577,Mark,Glinert,Senior Engineer,1985-04-27,9999-01-01
272727,Adam,Shiratori,Technique Leader,1985-03-25,9999-01-01
272873,Vitaly,Thibadeau,Senior Engineer,1985-07-09,9999-01-01
272995,Yuping,Lampe,Senior Staff,1985-06-18,9999-01-01
273092,Snehasis,Hoogerwoord,Senior Engineer,1985-07-08,9999-01-01
273213,Masako,Sommen,Senior Staff,1985-05-06,9999-01-01
273322,Jaana,Lagarias,Senior Staff,1985-03-23,9999-01-01
273360,Kellie,Bade,Senior Engineer,1985-05-04,9999-01-01
273678,Gro,Cronau,Senior Staff,1985-07-24,9999-01-01
273795,Jianhao,Lorho,Senior Engineer,1985-07-13,9999-01-01
273881,Stamatina,Klerer,Technique Leader,1985-09-05,9999-01-01
273972,Danae,Conta,Senior Engineer,1985-07-16,9999-01-01
273981,Gunilla,Bratsberg,Senior Engineer,1985-04-15,9999-01-01
274496,Danae,Boguraev,Technique Leader,1985-07-15,9999-01-01
274735,Noritoshi,Haldar,Senior Staff,1985-03-02,9999-01-01
274833,Chikako,Krohm,Senior Engineer,1985-03-04,9999-01-01
274985,Alagu,Emmerich,Senior Engineer,1985-07-17,9999-01-01
275703,Panayotis,Unni,Senior Engineer,1985-08-23,9999-01-01
276294,Indrajit,Gecsei,Technique Leader,1985-12-01,9999-01-01
276844,Elzbieta,Peltason,Senior Staff,1985-11-27,9999-01-01
277655,Kien,Setia,Technique Leader,1985-03-06,9999-01-01
278041,Kristian,Bolotov,Senior Engineer,1985-12-24,9999-01-01
278134,Sorina,Crouzet,Senior Staff,1985-10-19,9999-01-01
278413,Seshu,Fasbender,Technique Leader,1985-03-24,9999-01-01
278873,Qunsheng,Vecchio,Technique Leader,1985-11-28,9999-01-01
279003,Chinhyun,Hofting,Senior Engineer,1985-02-23,9999-01-01
279436,Fun,Setiz,Senior Engineer,1985-08-03,9999-01-01
279477,Moon,Kalsbeek,Senior Staff,1985-04-28,9999-01-01
279691,Peternela,Lindenbaum,Senior Staff,1985-04-20,9999-01-01
279762,Rildo,Bael,Senior Staff,1985-03-23,9999-01-01
279763,Marke,Lipner,Senior Engineer,1985-12-12,9999-01-01
280137,Cullen,Ruther,Technique Leader,1985-07-12,9999-01-01
280681,Nahum,Braccini,Senior Engineer,1985-05-12,9999-01-01
280699,Elvis,Krychniak,Senior Engineer,1985-06-07,9999-01-01
280941,Taisook,Furudate,Senior Engineer,1985-03-08,9999-01-01
281150,Masanao,Lichtner,Senior Staff,1985-04-11,9999-01-01
281268,Yinlin,Assaf,Senior Staff,1985-02-06,9999-01-01
281358,Kamran,Poupard,Technique Leader,1985-06-23,9999-01-01
281467,Gennady,Brandsma,Senior Staff,1985-03-16,9999-01-01
281483,Cathie,Wossner,Senior Engineer,1985-02-07,9999-01-01
282348,Saddek,Oxenboll,Technique Leader,1985-11-19,9999-01-01
282638,Sangeeta,DeMori,Senior Staff,1985-04-19,9999-01-01
282705,Piyush,Pulkowski,Senior Engineer,1985-04-05,9999-01-01
282943,Ziyad,Feldmann,Senior Staff,1985-12-22,9999-01-01
283003,Kotesh,Pollock,Senior Staff,1985-11-09,9999-01-01
283027,Radoslaw,Parfitt,Senior Engineer,1985-04-21,9999-01-01
283071,Limsoon,Yeung,Senior Engineer,1985-02-03,9999-01-01
283724,Phuoc,Suri,Senior Engineer,1985-11-12,9999-01-01
283770,Takahira,Bale,Senior Engineer,1985-12-13,9999-01-01
283847,Fai,Barriga,Senior Staff,1985-04-29,9999-01-01
284306,Katsuyuki,Birrer,Senior Engineer,1985-09-09,9999-01-01
284631,Alois,Kieras,Senior Staff,1985-07-28,9999-01-01
284654,Becky,Decleir,Technique Leader,1985-03-26,9999-01-01
284655,Mohd,Nanard,Senior Staff,1985-09-13,9999-01-01
285161,Lihong,Sommer,Senior Engineer,1985-07-28,9999-01-01
285207,Charmane,Seuren,Senior Engineer,1985-09-30,9999-01-01
285437,Toshiko,Jumpertz,Senior Staff,1985-10-21,9999-01-01
285470,Gill,Turnbull,Senior Staff,1985-09-25,9999-01-01
285765,Sivanarayana,Showalter,Senior Staff,1985-09-18,9999-01-01
286607,Gianluca,Reeker,Technique Leader,1985-10-10,9999-01-01
286760,Sadun,Escriba,Senior Engineer,1985-06-06,9999-01-01
286832,Dharmaraja,Sadowsky,Senior Staff,1985-02-06,9999-01-01
287605,Masanao,Hebden,Senior Engineer,1985-08-24,9999-01-01
287815,Huiqun,Rodham,Senior Engineer,1985-05-14,9999-01-01
287901,Selwyn,Huxford,Senior Engineer,1985-04-22,9999-01-01
288746,Leif,Morrin,Senior Engineer,1985-10-27,9999-01-01
289463,IEEE,Herbst,Senior Staff,1985-10-27,9999-01-01
289509,Deborah,Tanemo,Senior Staff,1985-05-08,9999-01-01
289583,King,Rijsenbrij,Technique Leader,1985-03-15,9999-01-01
289613,Khalil,Narahara,Senior Engineer,1985-04-14,9999-01-01
290311,Serif,Godskesen,Senior Staff,1985-03-07,9999-01-01
290418,Djenana,Uludag,Technique Leader,1985-08-02,9999-01-01
290428,Supot,Flowers,Senior Staff,1985-12-28,9999-01-01
291030,Licheng,Guenter,Senior Engineer,1985-06-13,9999-01-01
291216,Satoru,Einsfeld,Senior Engineer,1985-04-24,9999-01-01
291536,Chenyi,Binding,Senior Staff,1985-07-14,9999-01-01
291675,Dipayan,Stenning,Technique Leader,1985-07-03,9999-01-01
291762,Adel,Paludetto,Senior Engineer,1985-11-30,9999-01-01
292038,Roddy,Muhling,Senior Engineer,1985-08-26,9999-01-01
292117,Houman,Mungall,Technique Leader,1985-04-22,9999-01-01
292148,Reinhard,Melter,Senior Engineer,1985-11-15,9999-01-01
292194,Lein,Hanratty,Senior Engineer,1985-10-25,9999-01-01
292770,Zhilian,Alpay,Technique Leader,1985-05-24,9999-01-01
292966,Larisa,Lanphier,Senior Engineer,1985-04-02,9999-01-01
293010,Nathan,Verhoeff,Technique Leader,1985-03-23,9999-01-01
293895,Satyanarayana,Chenney,Senior Staff,1985-09-21,9999-01-01
294001,Changho,Waleschkowski,Technique Leader,1985-11-14,9999-01-01
294099,Denis,Cullers,Senior Engineer,1985-12-22,9999-01-01
294219,Frazer,Remmele,Technique Leader,1985-12-01,9999-01-01
294881,Richard,Bugrara,Technique Leader,1985-11-26,9999-01-01
295173,Troy,Kavanagh,Technique Leader,1985-09-11,9999-01-01
295241,Makato,Bellone,Technique Leader,1985-09-16,9999-01-01
295354,Nikolaos,Brodie,Senior Engineer,1985-06-21,9999-01-01
295419,Nahum,Petersohn,Senior Engineer,1985-06-05,9999-01-01
295573,Macha,Ramsay,Technique Leader,1985-10-11,9999-01-01
295651,Adil,Coombs,Senior Staff,1985-08-14,9999-01-01
295653,Fei,Encarnacion,Senior Engineer,1985-11-05,9999-01-01
295735,Xuejun,Simmel,Senior Engineer,1985-08-16,9999-01-01
296438,Along,Kushnir,Senior Staff,1985-05-03,9999-01-01
296833,Naftaly,Lubachevsky,Senior Engineer,1985-04-18,9999-01-01
297265,Chenxi,Leijenhorst,Senior Engineer,1985-12-09,9999-01-01
297343,Xianlong,Kinley,Senior Engineer,1985-07-17,9999-01-01
298500,Tremaine,Hennebert,Senior Staff,1985-06-15,9999-01-01
298966,Renee,Honiden,Technique Leader,1985-02-15,9999-01-01
299033,Fei,Gente,Senior Staff,1985-11-03,9999-01-01
400696,Lillian,Orlowska,Technique Leader,1985-02-15,9999-01-01
400855,Szabolcs,Wilharm,Senior Engineer,1985-02-14,9999-01-01
401227,Basant,Irland,Senior Engineer,1985-11-17,9999-01-01
401448,Shunichi,Ranta,Senior Staff,1985-06-26,9999-01-01
401529,Edwin,Sambasivam,Senior Engineer,1985-04-19,9999-01-01
401701,Lucien,Baba,Technique Leader,1985-12-30,9999-01-01
401820,Bedrich,DeMori,Senior Engineer,1985-11-09,9999-01-01
402231,Shim,Klerer,Senior Staff,1985-05-24,9999-01-01
402736,Pohua,Thibadeau,Senior Engineer,1985-08-05,9999-01-01
403051,Owen,Erni,Senior Staff,1985-10-24,9999-01-01
403303,Mansur,Feldhoffer,Senior Engineer,1985-09-14,9999-01-01
403472,Mart,Christ,Technique Leader,1985-11-25,9999-01-01
403592,Phillip,Schapiro,Senior Engineer,1985-06-02,9999-01-01
403721,Arup,Siksek,Senior Engineer,1985-06-14,9999-01-01
404106,Amstein,Brobst,Senior Staff,1985-07-28,9999-01-01
404171,Richara,Berstel,Senior Staff,1985-02-12,9999-01-01
404307,King,Lakshmanan,Senior Engineer,1985-04-25,9999-01-01
404359,Gretta,Krohn,Senior Engineer,1985-02-09,9999-01-01
404611,Marc,Griswold,Senior Engineer,1985-09-27,9999-01-01
405107,Claudi,Deville,Senior Staff,1985-07-31,9999-01-01
405129,Basant,Farrow,Technique Leader,1985-06-04,9999-01-01
405265,Marlo,Gewali,Technique Leader,1985-12-09,9999-01-01
405833,Sudhanshu,Kampfer,Senior Staff,1985-10-18,9999-01-01
406051,Guangming,Heystek,Senior Staff,1985-09-22,9999-01-01
406206,Garnet,Heemskerk,Senior Staff,1985-08-08,9999-01-01
406228,Hongzue,Decleir,Senior Engineer,1985-11-24,9999-01-01
407809,JoAnne,Suri,Senior Engineer,1985-07-04,9999-01-01
407817,Fai,Zobel,Senior Staff,1985-12-25,9999-01-01
408205,Hongzhu,Goldhammer,Senior Staff,1985-08-30,9999-01-01
408347,Masamitsu,Emmart,Senior Staff,1985-02-28,9999-01-01
408608,Hyuncheol,Skafidas,Senior Staff,1985-11-18,9999-01-01
409256,Zine,Herbst,Senior Engineer,1985-10-30,9999-01-01
409305,Make,Curless,Technique Leader,1985-11-04,9999-01-01
409553,Minghong,Portugali,Technique Leader,1985-07-13,9999-01-01
409846,Kamran,Cherinka,Technique Leader,1985-03-01,9999-01-01
410758,Yoshimitsu,Snyers,Senior Staff,1985-04-07,9999-01-01
411030,Slavian,Kulisch,Senior Engineer,1985-03-17,9999-01-01
411384,Christoper,Sidou,Senior Engineer,1985-07-04,9999-01-01
411615,Guther,Karlin,Senior Engineer,1985-03-21,9999-01-01
411623,Heon,Peron,Technique Leader,1985-05-20,9999-01-01
412105,Teiji,Siksek,Senior Staff,1985-02-14,9999-01-01
412800,Goetz,Peha,Senior Staff,1985-04-10,9999-01-01
412817,Niclas,Garnier,Senior Staff,1985-04-28,9999-01-01
412988,Odysseas,Fendler,Technique Leader,1985-10-11,9999-01-01
413118,Becky,Thiria,Senior Engineer,1985-11-12,9999-01-01
413144,Changho,Spinelli,Technique Leader,1985-12-11,9999-01-01
413542,Elvis,Hebert,Senior Engineer,1985-11-15,9999-01-01
413719,Shigenori,Orsini,Senior Staff,1985-09-02,9999-01-01
414097,Piyawadee,Krychniak,Senior Staff,1985-10-18,9999-01-01
414772,Fumiya,Raney,Technique Leader,1985-11-05,9999-01-01
415312,Mara,Penn,Senior Engineer,1985-11-13,9999-01-01
415442,Udaiprakash,Passino,Technique Leader,1985-04-08,9999-01-01
416032,Patricio,Schicker,Senior Staff,1985-04-24,9999-01-01
416337,Taizo,Bouloucos,Senior Staff,1985-11-12,9999-01-01
417073,Foong,Ecklund,Senior Engineer,1985-04-19,9999-01-01
417384,Mansur,Valtorta,Senior Staff,1985-04-20,9999-01-01
417830,Geoff,Androutsos,Senior Staff,1985-07-19,9999-01-01
417999,Dines,Penn,Senior Engineer,1985-09-16,9999-01-01
418039,Shuichi,Ramalingam,Senior Staff,1985-06-27,9999-01-01
418411,Nalini,Griswold,Senior Staff,1985-11-21,9999-01-01
418632,Uri,Reistad,Senior Staff,1985-03-31,9999-01-01
418703,Mabo,Cairo,Senior Engineer,1985-07-22,9999-01-01
419296,Fumiyo,Delgrande,Technique Leader,1985-08-24,9999-01-01
419874,Kinh,Zeleznik,Senior Engineer,1985-06-27,9999-01-01
420913,Poornachandra,Tibblin,Senior Engineer,1985-05-29,9999-01-01
420997,Maik,Gill,Technique Leader,1985-07-30,9999-01-01
421243,Renny,Neimat,Senior Staff,1985-11-27,9999-01-01
421326,Val,Covnot,Senior Engineer,1985-06-11,9999-01-01
421490,Zsolt,Heering,Technique Leader,1985-12-13,9999-01-01
421754,Pasqua,Matzen,Senior Staff,1985-04-01,9999-01-01
422083,Fusako,Kowalchuk,Senior Staff,1985-02-20,9999-01-01
422238,Masoud,Kaltofen,Senior Engineer,1985-05-21,9999-01-01
422447,Falguni,Peres,Technique Leader,1985-04-06,9999-01-01
422514,Dharmaraja,Mitzlaff,Senior Staff,1985-12-28,9999-01-01
422938,Shuho,Taneja,Senior Staff,1985-03-28,9999-01-01
423311,Chikako,Zeidenstein,Senior Engineer,1985-10-24,9999-01-01
423479,Rosine,Hambrick,Senior Engineer,1985-09-05,9999-01-01
423605,Hiroyasu,Tanemo,Senior Staff,1985-12-20,9999-01-01
423985,Ottavia,Azevdeo,Technique Leader,1985-11-29,9999-01-01
424327,Chrisa,Unni,Senior Engineer,1985-12-13,9999-01-01
425181,Roselyn,Foote,Senior Engineer,1985-11-04,9999-01-01
425589,Boriana,Heiserman,Technique Leader,1985-06-18,9999-01-01
425821,Vidar,Narwekar,Senior Staff,1985-06-28,9999-01-01
426119,Karsten,Herbst,Senior Staff,1985-02-18,9999-01-01
426466,Bikash,Andreotta,Senior Staff,1985-03-04,9999-01-01
427368,Marc,Glinert,Senior Engineer,1985-11-10,9999-01-01
427650,Maya,Luck,Senior Engineer,1985-04-25,9999-01-01
427849,Mayuri,Rindone,Senior Staff,1985-06-22,9999-01-01
428675,Mountaz,Erol,Senior Staff,1985-09-15,9999-01-01
429549,Eben,Selenyi,Senior Engineer,1985-08-29,9999-01-01
429945,Tadahiro,Kornatzky,Senior Engineer,1985-11-05,9999-01-01
429961,Houman,Swiss,Senior Staff,1985-12-05,9999-01-01
429988,Jacopo,Riexinger,Senior Staff,1985-08-02,9999-01-01
430519,Vojin,Lanteri,Senior Engineer,1985-02-08,9999-01-01
430633,Margareta,Peek,Senior Staff,1985-03-22,9999-01-01
431375,Surveyors,Atrawala,Senior Engineer,1985-12-19,9999-01-01
431486,Augustine,Restivo,Technique Leader,1985-05-14,9999-01-01
431701,Maya,Baca,Technique Leader,1985-02-09,9999-01-01
431758,Huiqun,Suermann,Technique Leader,1985-10-28,9999-01-01
432068,Arif,Wegerle,Senior Engineer,1985-06-24,9999-01-01
432110,Vasiliy,Debuse,Senior Staff,1985-10-21,9999-01-01
432356,Yakichi,Viele,Technique Leader,1985-03-02,9999-01-01
432588,Matk,Krichel,Senior Staff,1985-08-04,9999-01-01
432789,Leucio,Slaats,Senior Staff,1985-05-10,9999-01-01
433036,Anestis,Yeung,Senior Engineer,1985-08-23,9999-01-01
433094,Xinglin,Matzke,Senior Engineer,1985-10-19,9999-01-01
433105,Leif,Cmelik,Senior Staff,1985-03-14,9999-01-01
433537,Roselyn,Picel,Technique Leader,1985-06-20,9999-01-01
434019,Kristen,Swiler,Senior Engineer,1985-11-27,9999-01-01
434113,Miyeon,Walston,Senior Staff,1985-02-25,9999-01-01
434143,Barna,Zhiwei,Technique Leader,1985-04-09,9999-01-01
434178,Lillian,Makinen,Technique Leader,1985-05-05,9999-01-01
434200,Georg,Beutelspacher,Senior Engineer,1985-05-18,9999-01-01
434272,Woody,Roccetti,Senior Engineer,1985-06-14,9999-01-01
434508,Kendra,Birjandi,Senior Staff,1985-08-13,9999-01-01
434742,Siamak,Levergood,Technique Leader,1985-09-14,9999-01-01
434923,Heather,Riefers,Senior Staff,1985-10-17,9999-01-01
434997,Ranan,Taubman,Senior Engineer,1985-06-07,9999-01-01
436307,Parke,Sambasivam,Senior Engineer,1985-11-18,9999-01-01
437101,Ramachenga,Birrer,Senior Staff,1985-12-01,9999-01-01
437295,Shao,Solovay,Senior Staff,1985-02-27,9999-01-01
437603,Poornachandra,Lemarechal,Senior Staff,1985-03-27,9999-01-01
437830,Bezalel,Plotkin,Senior Staff,1985-02-20,9999-01-01
437895,Kristen,Kavanagh,Technique Leader,1985-09-04,9999-01-01
438298,Elrique,Asrin,Senior Engineer,1985-08-09,9999-01-01
438584,Sangeeta,Pero,Senior Staff,1985-05-28,9999-01-01
438871,Lein,Pettit,Senior Engineer,1985-11-26,9999-01-01
440083,Heeju,Szemeredi,Senior Staff,1985-03-28,9999-01-01
440097,Alselm,Junot,Senior Engineer,1985-06-11,9999-01-01
440507,Ramalingam,Yamaashi,Senior Engineer,1985-03-09,9999-01-01
441144,Muneo,Bolsens,Senior Engineer,1985-12-27,9999-01-01
441228,Kazuhiko,Winter,Senior Staff,1985-07-20,9999-01-01
441459,Rosine,Schauser,Senior Engineer,1985-11-23,9999-01-01
442093,Arvind,Weisert,Senior Engineer,1985-08-20,9999-01-01
442430,Tse,Baak,Senior Engineer,1985-12-07,9999-01-01
442763,Weidon,Barriga,Senior Staff,1985-08-18,9999-01-01
443097,Sudhanshu,Strandh,Senior Staff,1985-10-18,9999-01-01
443140,Feixiong,Pramanik,Senior Staff,1985-12-06,9999-01-01
443208,Nakhoon,Nilsson,Senior Engineer,1985-11-13,9999-01-01
443927,Geoffrey,Codenie,Senior Staff,1985-03-01,9999-01-01
444151,Nahum,Avouris,Senior Staff,1985-08-03,9999-01-01
444420,Gita,Ramsay,Senior Engineer,1985-04-22,9999-01-01
444830,Rasikan,Koprowski,Senior Staff,1985-04-19,9999-01-01
445039,Manu,Stemann,Senior Staff,1985-11-03,9999-01-01
445633,Michaela,Barriga,Senior Engineer,1985-04-13,9999-01-01
445688,Gunilla,Carrere,Technique Leader,1985-03-14,9999-01-01
446036,Supot,McClurg,Senior Engineer,1985-12-11,9999-01-01
446758,Chaitali,Peha,Senior Staff,1985-03-25,9999-01-01
446815,Zhonghui,Badr,Senior Staff,1985-09-24,9999-01-01
446990,Zhanqiu,Streng,Senior Engineer,1985-06-06,9999-01-01
447215,Danae,Mullainathan,Senior Engineer,1985-12-04,9999-01-01
447274,Hongzhu,Journel,Senior Staff,1985-07-06,9999-01-01
448079,Ingmar,Benaini,Senior Engineer,1985-08-14,9999-01-01
448089,Xiong,Kalloufi,Technique Leader,1985-06-03,9999-01-01
448166,Bangqing,Schneeberger,Senior Staff,1985-06-28,9999-01-01
448328,Dipayan,Kavraki,Senior Staff,1985-05-10,9999-01-01
448694,Constantijn,Luef,Senior Engineer,1985-04-02,9999-01-01
448781,Luigi,Heering,Senior Engineer,1985-03-07,9999-01-01
448785,Mostafa,Terwilliger,Senior Engineer,1985-03-27,9999-01-01
449105,Jiakeng,Riesenhuber,Technique Leader,1985-08-10,9999-01-01
449242,Basant,Chinen,Senior Staff,1985-02-28,9999-01-01
449262,Woody,Slobodova,Senior Engineer,1985-04-27,9999-01-01
449865,Shalesh,Puppo,Senior Engineer,1985-10-16,9999-01-01
450114,Duro,Erdmenger,Senior Staff,1985-11-03,9999-01-01
450196,Zeydy,Picht,Senior Engineer,1985-12-10,9999-01-01
450549,Hyuckchul,Sudbeck,Senior Staff,1985-02-19,9999-01-01
451579,Hyuncheol,Narahari,Senior Engineer,1985-07-24,9999-01-01
451589,Angus,Naudin,Senior Staff,1985-02-27,9999-01-01
451795,Nirmal,Rosaz,Senior Engineer,1985-12-28,9999-01-01
452201,Guenter,Piveteau,Senior Engineer,1985-09-23,9999-01-01
452512,Jeong,Domenig,Senior Staff,1985-04-13,9999-01-01
453223,Tomofumi,Versino,Technique Leader,1985-12-16,9999-01-01
453704,Alper,Murtafg,Senior Engineer,1985-10-18,9999-01-01
453722,Maja,Ushiama,Senior Staff,1985-10-10,9999-01-01
453775,Gennady,Munawer,Technique Leader,1985-07-24,9999-01-01
453928,Constantino,Underwood,Senior Staff,1985-05-12,9999-01-01
454379,Bogdan,Gulak,Senior Engineer,1985-06-21,9999-01-01
454929,Pintsang,Mateescu,Senior Engineer,1985-06-11,9999-01-01
455321,Tua,Denis,Senior Engineer,1985-11-10,9999-01-01
455464,Willard,Crelier,Senior Staff,1985-10-29,9999-01-01
456030,Yechezkel,Smeets,Senior Engineer,1985-09-05,9999-01-01
456161,Pranas,Lindenbaum,Senior Staff,1985-09-12,9999-01-01
456521,Ebbe,Wynblatt,Senior Engineer,1985-06-26,9999-01-01
457291,Charlene,Kitsuregawa,Senior Engineer,1985-09-01,9999-01-01
457849,Vugranam,Benveniste,Senior Staff,1985-08-05,9999-01-01
457970,Herb,Matteis,Technique Leader,1985-05-04,9999-01-01
459286,Oscar,Raczkowsky,Senior Engineer,1985-03-20,9999-01-01
459596,Constantino,Bernardinello,Senior Engineer,1985-05-13,9999-01-01
460046,Domenick,Codenie,Senior Engineer,1985-05-03,9999-01-01
460186,Zhanqiu,Papastamatiou,Senior Staff,1985-11-21,9999-01-01
460978,Tse,Coors,Technique Leader,1985-04-15,9999-01-01
461140,Khun,Ramsay,Technique Leader,1985-11-02,9999-01-01
461295,Insup,Bierman,Senior Staff,1985-10-04,9999-01-01
461615,Flemming,Borovoy,Senior Staff,1985-03-30,9999-01-01
461818,Serap,Rosen,Senior Staff,1985-10-28,9999-01-01
462351,Ohad,Jullig,Senior Engineer,1985-07-17,9999-01-01
462595,Mohamadou,Pramanik,Senior Staff,1985-03-06,9999-01-01
462863,Jamaludin,Cullers,Senior Engineer,1985-06-06,9999-01-01
462866,Babette,Ritcey,Technique Leader,1985-03-19,9999-01-01
463155,Aemilian,Sabnani,Senior Engineer,1985-04-26,9999-01-01
463161,Subhash,Milicia,Senior Engineer,1985-07-14,9999-01-01
463413,Kristinn,Lorys,Senior Engineer,1985-09-30,9999-01-01
463785,Marlo,Felder,Senior Staff,1985-05-11,9999-01-01
463845,Kiyomitsu,Steinauer,Senior Engineer,1985-09-23,9999-01-01
464639,Elgin,Hardjono,Senior Engineer,1985-05-21,9999-01-01
464871,Tze,Alameldin,Technique Leader,1985-04-22,9999-01-01
464933,Alair,Kriebel,Technique Leader,1985-04-13,9999-01-01
465207,Saddek,Moffat,Senior Staff,1985-03-07,9999-01-01
465321,Fumitaka,Slobodova,Senior Staff,1985-09-16,9999-01-01
465609,Insup,England,Senior Staff,1985-08-08,9999-01-01
465681,Stevo,Peral,Senior Staff,1985-09-13,9999-01-01
465699,Aral,Schwabacher,Senior Staff,1985-09-28,9999-01-01
466958,Patricio,Snedden,Technique Leader,1985-06-10,9999-01-01
467146,Hinrich,Chappelet,Senior Engineer,1985-07-04,9999-01-01
467901,Subhash,Schaft,Technique Leader,1985-06-26,9999-01-01
468028,Jessie,Schaft,Senior Staff,1985-08-15,9999-01-01
468076,Susuma,Hofting,Technique Leader,1985-05-03,9999-01-01
469830,Lillian,Cummings,Technique Leader,1985-10-24,9999-01-01
470082,Goa,Kenevan,Senior Engineer,1985-06-06,9999-01-01
470102,Tze,Stamatiou,Senior Staff,1985-05-14,9999-01-01
470366,Jianhao,Llado,Technique Leader,1985-07-11,9999-01-01
470401,Inderjeet,Roohalamini,Senior Staff,1985-12-04,9999-01-01
470592,Debatosh,Munke,Technique Leader,1985-07-20,9999-01-01
470687,Arunas,Gargeya,Technique Leader,1985-05-25,9999-01-01
470734,Zhonghua,Heyers,Senior Engineer,1985-11-26,9999-01-01
471631,Mingsen,Ibel,Senior Staff,1985-07-31,9999-01-01
471678,Babette,Koshiba,Senior Engineer,1985-02-07,9999-01-01
471975,Otilia,Zschoche,Senior Engineer,1985-08-11,9999-01-01
471989,Tomokazu,Kadhim,Senior Engineer,1985-11-29,9999-01-01
472026,Ronghao,Savasere,Senior Engineer,1985-08-05,9999-01-01
472064,Temple,Litecky,Senior Engineer,1985-03-16,9999-01-01
472116,Jaroslava,Azevdeo,Senior Engineer,1985-04-05,9999-01-01
472203,Deborah,Brendel,Senior Staff,1985-03-15,9999-01-01
472391,Mohammed,Simmel,Senior Staff,1985-03-25,9999-01-01
472611,Susanne,Malinowski,Senior Staff,1985-09-06,9999-01-01
472723,Arvind,Kowalchuk,Senior Staff,1985-07-04,9999-01-01
473350,Maia,Hammerschmidt,Senior Engineer,1985-07-30,9999-01-01
473475,Dinkar,Moffat,Senior Engineer,1985-04-05,9999-01-01
474480,Shuji,Bisiani,Senior Engineer,1985-07-27,9999-01-01
474990,Ewing,Fioravanti,Senior Engineer,1985-09-05,9999-01-01
475266,Rance,Engelmann,Technique Leader,1985-10-25,9999-01-01
475283,Sarita,Cherinka,Senior Engineer,1985-11-04,9999-01-01
475358,Ramachenga,Ebeling,Senior Engineer,1985-11-14,9999-01-01
475576,Herb,Merey,Senior Engineer,1985-11-11,9999-01-01
475790,Honglan,Goldhammer,Senior Engineer,1985-03-24,9999-01-01
475816,Tonny,Siksek,Senior Staff,1985-11-20,9999-01-01
475820,Cedric,Erol,Senior Engineer,1985-06-22,9999-01-01
476016,Jasminko,Minakawa,Senior Engineer,1985-12-29,9999-01-01
477030,Alois,Siksek,Technique Leader,1985-04-22,9999-01-01
477308,Alejandra,Brandsma,Senior Staff,1985-02-23,9999-01-01
477358,Minghong,Siegrist,Senior Staff,1985-05-21,9999-01-01
478137,Teiji,Schrift,Senior Engineer,1985-11-04,9999-01-01
478142,Oscar,Haldar,Senior Staff,1985-05-25,9999-01-01
478496,Goncalo,Swick,Senior Engineer,1985-03-23,9999-01-01
478985,Katsuo,Gubsky,Senior Staff,1985-10-20,9999-01-01
479017,Hitofumi,Sherertz,Senior Engineer,1985-08-29,9999-01-01
479543,Dmitri,Aumann,Senior Staff,1985-06-01,9999-01-01
479812,Fuqing,Staudhammer,Senior Staff,1985-04-28,9999-01-01
480051,Kwan,Erol,Senior Engineer,1985-11-11,9999-01-01
480541,Ranga,Quittner,Senior Engineer,1985-10-01,9999-01-01
480689,Rasiah,Krider,Senior Engineer,1985-08-16,9999-01-01
480859,Stabislas,Morton,Senior Staff,1985-10-10,9999-01-01
481182,Domenick,Penttonen,Senior Staff,1985-08-09,9999-01-01
481415,Mokhtar,Kaltofen,Senior Staff,1985-10-03,9999-01-01
482577,Masadi,Validov,Senior Engineer,1985-07-21,9999-01-01
482711,Alois,Jarecki,Senior Staff,1985-05-04,9999-01-01
482738,Munehiko,Peral,Senior Engineer,1985-09-18,9999-01-01
482776,Kristin,Beilner,Senior Staff,1985-11-27,9999-01-01
482862,Shaw,Anido,Senior Engineer,1985-09-23,9999-01-01
482955,Branimir,Zykh,Senior Staff,1985-08-31,9999-01-01
482980,Ulf,Domenig,Senior Engineer,1985-09-03,9999-01-01
483416,Kwan,Aamodt,Technique Leader,1985-08-09,9999-01-01
483792,Irena,Unno,Senior Staff,1985-06-07,9999-01-01
483842,Marjo,DiGiano,Senior Engineer,1985-04-23,9999-01-01
483951,Teunis,Parhami,Senior Staff,1985-10-02,9999-01-01
483983,Shigeu,Ravishankar,Senior Staff,1985-11-02,9999-01-01
484087,Herb,Tagansky,Senior Staff,1985-03-06,9999-01-01
484209,Sanjai,Soloway,Technique Leader,1985-07-21,9999-01-01
484361,Ugo,Hempstead,Senior Staff,1985-07-20,9999-01-01
484754,Mario,Hebert,Senior Staff,1985-07-06,9999-01-01
484980,Dulce,Montresor,Senior Engineer,1985-09-15,9999-01-01
485247,Jiakeng,Marchegay,Senior Engineer,1985-06-12,9999-01-01
485390,Honglan,Wixon,Technique Leader,1985-05-15,9999-01-01
485523,Poorav,Rosaz,Senior Engineer,1985-08-28,9999-01-01
486143,Fai,Decaestecker,Senior Engineer,1985-11-17,9999-01-01
486266,Matk,Peron,Technique Leader,1985-06-20,9999-01-01
486307,Mart,Ruemmler,Senior Engineer,1985-02-11,9999-01-01
486426,Elvia,Zirintsis,Technique Leader,1985-12-15,9999-01-01
486481,JoAnna,Gelosh,Technique Leader,1985-05-22,9999-01-01
486496,Jaques,Marshall,Senior Staff,1985-08-27,9999-01-01
487121,Duangkaew,Litecky,Senior Staff,1985-02-17,9999-01-01
487294,Alenka,Zirintsis,Technique Leader,1985-09-20,9999-01-01
487478,Nahid,Weisert,Technique Leader,1985-07-18,9999-01-01
487496,Masamitsu,Zaccaria,Senior Engineer,1985-11-01,9999-01-01
488053,Gen,Maraist,Senior Engineer,1985-08-29,9999-01-01
488279,Danny,Rohrbach,Senior Staff,1985-05-05,9999-01-01
488500,Berto,Rabehasaina,Senior Engineer,1985-10-23,9999-01-01
489466,Kazunori,Gurbaxani,Senior Engineer,1985-08-25,9999-01-01
489500,Hideo,Bridgland,Senior Staff,1985-11-28,9999-01-01
489618,Denis,Gadepally,Senior Engineer,1985-08-29,9999-01-01
490438,Kamran,Azadmanesh,Senior Engineer,1985-02-19,9999-01-01
490858,Sarita,Poujol,Senior Engineer,1985-08-03,9999-01-01
491128,Howell,Cappelletti,Senior Engineer,1985-11-05,9999-01-01
491458,Suzette,Copas,Senior Staff,1985-08-18,9999-01-01
492039,Miomir,Vrecion,Senior Staff,1985-06-19,9999-01-01
492835,Khaled,Khalil,Senior Staff,1985-03-10,9999-01-01
493005,Nidapan,Suppi,Senior Staff,1985-10-07,9999-01-01
493764,Zeydy,Quadeer,Technique Leader,1985-11-04,9999-01-01
493901,Doowon,Gischer,Senior Staff,1985-10-16,9999-01-01
493941,Reuven,Redmiles,Senior Staff,1985-09-05,9999-01-01
494051,Katsuo,Birdsall,Technique Leader,1985-11-26,9999-01-01
494222,Masali,Perfilyeva,Senior Engineer,1985-11-07,9999-01-01
494574,Gudjon,Renear,Senior Engineer,1985-07-23,9999-01-01
494906,Qingxiang,Bisiani,Senior Staff,1985-04-26,9999-01-01
495518,Khosrow,Magalhaes,Technique Leader,1985-03-11,9999-01-01
495539,Bernice,Mansanne,Technique Leader,1985-11-18,9999-01-01
495779,Weiyi,Rebaine,Senior Staff,1985-12-23,9999-01-01
496077,Anyuan,Albarhamtoshy,Senior Staff,1985-12-17,9999-01-01
496304,Phuoc,Kruskal,Senior Engineer,1985-10-12,9999-01-01
496436,Arunas,Stroustrup,Senior Staff,1985-07-18,9999-01-01
496580,Dmitri,Thisen,Senior Staff,1985-10-21,9999-01-01
496829,Shaleah,DeMori,Senior Staff,1985-03-17,9999-01-01
496864,Pintsang,Picco,Senior Engineer,1985-09-01,9999-01-01
497239,Sivanarayana,Dymetman,Senior Engineer,1985-12-02,9999-01-01
497245,Lech,Engelmann,Senior Engineer,1985-11-24,9999-01-01
497745,Takahira,Klyachko,Senior Staff,1985-10-22,9999-01-01
497821,Zhonghua,Trelles,Technique Leader,1985-04-16,9999-01-01
497984,Chinhyun,Schrooten,Technique Leader,1985-03-25,9999-01-01
498531,Mori,Haddadi,Technique Leader,1985-09-26,9999-01-01
498748,Doowon,Ananiadou,Senior Staff,1985-03-05,9999-01-01
498766,Kousuke,Zschoche,Senior Engineer,1985-05-09,9999-01-01
498830,Vasiliy,Cooke,Senior Engineer,1985-06-14,9999-01-01
499225,Constantijn,Dahlbom,Senior Staff,1985-03-25,9999-01-01
